Park,Name,Unit Code,Park Type,Region,State,Year,Latitude,Longitude,Visits,Date
Acadia NP,Acadia National Park,ACAD,National Park,Northeast ,ME,2012,44.35,-68.21,2431052,1/1/2012
Acadia NP,Acadia National Park,ACAD,National Park,Northeast ,ME,2013,44.35,-68.21,2254922,1/1/2013
Acadia NP,Acadia National Park,ACAD,National Park,Northeast ,ME,2014,44.35,-68.21,2563129,1/1/2014
Acadia NP,Acadia National Park,ACAD,National Park,Northeast ,ME,2015,44.35,-68.21,2811184,1/1/2015
Acadia NP,Acadia National Park,ACAD,National Park,Northeast ,ME,2016,44.35,-68.21,3303393,1/1/2016
Acadia NP,Acadia National Park,ACAD,National Park,Northeast ,ME,2017,44.35,-68.21,3509271,1/1/2017
Acadia NP,Acadia National Park,ACAD,National Park,Northeast ,ME,2018,44.35,-68.21,3537575,1/1/2018
Acadia NP,Acadia National Park,ACAD,National Park,Northeast ,ME,2019,44.35,-68.21,3437286,1/1/2019
Acadia NP,Acadia National Park,ACAD,National Park,Northeast ,ME,2020,44.35,-68.21,2669034,1/1/2020
Acadia NP,Acadia National Park,ACAD,National Park,Northeast ,ME,2021,44.35,-68.21,4069098,1/1/2021
Arches NP,Arches National Park,ARCH,National Park,Intermountain ,UT,2012,38.68,-109.57,1070577,1/1/2012
Arches NP,Arches National Park,ARCH,National Park,Intermountain ,UT,2013,38.68,-109.57,1082866,1/1/2013
Arches NP,Arches National Park,ARCH,National Park,Intermountain ,UT,2014,38.68,-109.57,1284767,1/1/2014
Arches NP,Arches National Park,ARCH,National Park,Intermountain ,UT,2015,38.68,-109.57,1399247,1/1/2015
Arches NP,Arches National Park,ARCH,National Park,Intermountain ,UT,2016,38.68,-109.57,1585718,1/1/2016
Arches NP,Arches National Park,ARCH,National Park,Intermountain ,UT,2017,38.68,-109.57,1539028,1/1/2017
Arches NP,Arches National Park,ARCH,National Park,Intermountain ,UT,2018,38.68,-109.57,1663557,1/1/2018
Arches NP,Arches National Park,ARCH,National Park,Intermountain ,UT,2019,38.68,-109.57,1659702,1/1/2019
Arches NP,Arches National Park,ARCH,National Park,Intermountain ,UT,2020,38.68,-109.57,1238083,1/1/2020
Arches NP,Arches National Park,ARCH,National Park,Intermountain ,UT,2021,38.68,-109.57,1806865,1/1/2021
Badlands NP,Badlands National Park,BADL,National Park,Midwest ,SD,2012,43.75,-102.5,883406,1/1/2012
Badlands NP,Badlands National Park,BADL,National Park,Midwest ,SD,2013,43.75,-102.5,892372,1/1/2013
Badlands NP,Badlands National Park,BADL,National Park,Midwest ,SD,2014,43.75,-102.5,868094,1/1/2014
Badlands NP,Badlands National Park,BADL,National Park,Midwest ,SD,2015,43.75,-102.5,989354,1/1/2015
Badlands NP,Badlands National Park,BADL,National Park,Midwest ,SD,2016,43.75,-102.5,996263,1/1/2016
Badlands NP,Badlands National Park,BADL,National Park,Midwest ,SD,2017,43.75,-102.5,1054325,1/1/2017
Badlands NP,Badlands National Park,BADL,National Park,Midwest ,SD,2018,43.75,-102.5,1008942,1/1/2018
Badlands NP,Badlands National Park,BADL,National Park,Midwest ,SD,2019,43.75,-102.5,970998,1/1/2019
Badlands NP,Badlands National Park,BADL,National Park,Midwest ,SD,2020,43.75,-102.5,916932,1/1/2020
Badlands NP,Badlands National Park,BADL,National Park,Midwest ,SD,2021,43.75,-102.5,1224226,1/1/2021
Big Bend NP,Big Bend National Park,BIBE,National Park,Intermountain ,TX,2012,29.25,-103.25,292055,1/1/2012
Big Bend NP,Big Bend National Park,BIBE,National Park,Intermountain ,TX,2013,29.25,-103.25,316953,1/1/2013
Big Bend NP,Big Bend National Park,BIBE,National Park,Intermountain ,TX,2014,29.25,-103.25,314102,1/1/2014
Big Bend NP,Big Bend National Park,BIBE,National Park,Intermountain ,TX,2015,29.25,-103.25,381747,1/1/2015
Big Bend NP,Big Bend National Park,BIBE,National Park,Intermountain ,TX,2016,29.25,-103.25,388290,1/1/2016
Big Bend NP,Big Bend National Park,BIBE,National Park,Intermountain ,TX,2017,29.25,-103.25,440276,1/1/2017
Big Bend NP,Big Bend National Park,BIBE,National Park,Intermountain ,TX,2018,29.25,-103.25,440091,1/1/2018
Big Bend NP,Big Bend National Park,BIBE,National Park,Intermountain ,TX,2019,29.25,-103.25,463832,1/1/2019
Big Bend NP,Big Bend National Park,BIBE,National Park,Intermountain ,TX,2020,29.25,-103.25,393907,1/1/2020
Big Bend NP,Big Bend National Park,BIBE,National Park,Intermountain ,TX,2021,29.25,-103.25,581220,1/1/2021
Biscayne NP,Biscayne National Park,BISC,National Park,Southeast ,FL,2012,25.65,-80.08,495613,1/1/2012
Biscayne NP,Biscayne National Park,BISC,National Park,Southeast ,FL,2013,25.65,-80.08,486848,1/1/2013
Biscayne NP,Biscayne National Park,BISC,National Park,Southeast ,FL,2014,25.65,-80.08,525745,1/1/2014
Biscayne NP,Biscayne National Park,BISC,National Park,Southeast ,FL,2015,25.65,-80.08,508164,1/1/2015
Biscayne NP,Biscayne National Park,BISC,National Park,Southeast ,FL,2016,25.65,-80.08,514709,1/1/2016
Biscayne NP,Biscayne National Park,BISC,National Park,Southeast ,FL,2017,25.65,-80.08,446961,1/1/2017
Biscayne NP,Biscayne National Park,BISC,National Park,Southeast ,FL,2018,25.65,-80.08,469253,1/1/2018
Biscayne NP,Biscayne National Park,BISC,National Park,Southeast ,FL,2019,25.65,-80.08,708522,1/1/2019
Biscayne NP,Biscayne National Park,BISC,National Park,Southeast ,FL,2020,25.65,-80.08,402770,1/1/2020
Biscayne NP,Biscayne National Park,BISC,National Park,Southeast ,FL,2021,25.65,-80.08,705655,1/1/2021
Black Canyon of the Gunnison NP,Black Canyon of the Gunnison National Park,BLCA,National Park,Intermountain ,CO,2012,38.57,-107.72,192570,1/1/2012
Black Canyon of the Gunnison NP,Black Canyon of the Gunnison National Park,BLCA,National Park,Intermountain ,CO,2013,38.57,-107.72,175852,1/1/2013
Black Canyon of the Gunnison NP,Black Canyon of the Gunnison National Park,BLCA,National Park,Intermountain ,CO,2014,38.57,-107.72,183045,1/1/2014
Black Canyon of the Gunnison NP,Black Canyon of the Gunnison National Park,BLCA,National Park,Intermountain ,CO,2015,38.57,-107.72,209166,1/1/2015
Black Canyon of the Gunnison NP,Black Canyon of the Gunnison National Park,BLCA,National Park,Intermountain ,CO,2016,38.57,-107.72,238018,1/1/2016
Black Canyon of the Gunnison NP,Black Canyon of the Gunnison National Park,BLCA,National Park,Intermountain ,CO,2017,38.57,-107.72,307143,1/1/2017
Black Canyon of the Gunnison NP,Black Canyon of the Gunnison National Park,BLCA,National Park,Intermountain ,CO,2018,38.57,-107.72,308962,1/1/2018
Black Canyon of the Gunnison NP,Black Canyon of the Gunnison National Park,BLCA,National Park,Intermountain ,CO,2019,38.57,-107.72,432818,1/1/2019
Black Canyon of the Gunnison NP,Black Canyon of the Gunnison National Park,BLCA,National Park,Intermountain ,CO,2020,38.57,-107.72,341620,1/1/2020
Black Canyon of the Gunnison NP,Black Canyon of the Gunnison National Park,BLCA,National Park,Intermountain ,CO,2021,38.57,-107.72,308910,1/1/2021
Bryce Canyon NP,Bryce Canyon National Park,BRCA,National Park,Intermountain ,UT,2012,37.57,-112.18,1385352,1/1/2012
Bryce Canyon NP,Bryce Canyon National Park,BRCA,National Park,Intermountain ,UT,2013,37.57,-112.18,1311875,1/1/2013
Bryce Canyon NP,Bryce Canyon National Park,BRCA,National Park,Intermountain ,UT,2014,37.57,-112.18,1435741,1/1/2014
Bryce Canyon NP,Bryce Canyon National Park,BRCA,National Park,Intermountain ,UT,2015,37.57,-112.18,1745804,1/1/2015
Bryce Canyon NP,Bryce Canyon National Park,BRCA,National Park,Intermountain ,UT,2016,37.57,-112.18,2365110,1/1/2016
Bryce Canyon NP,Bryce Canyon National Park,BRCA,National Park,Intermountain ,UT,2017,37.57,-112.18,2571684,1/1/2017
Bryce Canyon NP,Bryce Canyon National Park,BRCA,National Park,Intermountain ,UT,2018,37.57,-112.18,2679478,1/1/2018
Bryce Canyon NP,Bryce Canyon National Park,BRCA,National Park,Intermountain ,UT,2019,37.57,-112.18,2594904,1/1/2019
Bryce Canyon NP,Bryce Canyon National Park,BRCA,National Park,Intermountain ,UT,2020,37.57,-112.18,1464655,1/1/2020
Bryce Canyon NP,Bryce Canyon National Park,BRCA,National Park,Intermountain ,UT,2021,37.57,-112.18,2104600,1/1/2021
Canyonlands NP,Canyonlands National Park,CANY,National Park,Intermountain ,UT,2012,38.2,-109.93,452952,1/1/2012
Canyonlands NP,Canyonlands National Park,CANY,National Park,Intermountain ,UT,2013,38.2,-109.93,462242,1/1/2013
Canyonlands NP,Canyonlands National Park,CANY,National Park,Intermountain ,UT,2014,38.2,-109.93,542431,1/1/2014
Canyonlands NP,Canyonlands National Park,CANY,National Park,Intermountain ,UT,2015,38.2,-109.93,634607,1/1/2015
Canyonlands NP,Canyonlands National Park,CANY,National Park,Intermountain ,UT,2016,38.2,-109.93,776218,1/1/2016
Canyonlands NP,Canyonlands National Park,CANY,National Park,Intermountain ,UT,2017,38.2,-109.93,742271,1/1/2017
Canyonlands NP,Canyonlands National Park,CANY,National Park,Intermountain ,UT,2018,38.2,-109.93,739449,1/1/2018
Canyonlands NP,Canyonlands National Park,CANY,National Park,Intermountain ,UT,2019,38.2,-109.93,733996,1/1/2019
Canyonlands NP,Canyonlands National Park,CANY,National Park,Intermountain ,UT,2020,38.2,-109.93,493914,1/1/2020
Canyonlands NP,Canyonlands National Park,CANY,National Park,Intermountain ,UT,2021,38.2,-109.93,911594,1/1/2021
Capitol Reef NP,Capitol Reef National Park,CARE,National Park,Intermountain ,UT,2012,38.2,-111.17,673345,1/1/2012
Capitol Reef NP,Capitol Reef National Park,CARE,National Park,Intermountain ,UT,2013,38.2,-111.17,663670,1/1/2013
Capitol Reef NP,Capitol Reef National Park,CARE,National Park,Intermountain ,UT,2014,38.2,-111.17,786514,1/1/2014
Capitol Reef NP,Capitol Reef National Park,CARE,National Park,Intermountain ,UT,2015,38.2,-111.17,941029,1/1/2015
Capitol Reef NP,Capitol Reef National Park,CARE,National Park,Intermountain ,UT,2016,38.2,-111.17,1064904,1/1/2016
Capitol Reef NP,Capitol Reef National Park,CARE,National Park,Intermountain ,UT,2017,38.2,-111.17,1150165,1/1/2017
Capitol Reef NP,Capitol Reef National Park,CARE,National Park,Intermountain ,UT,2018,38.2,-111.17,1227627,1/1/2018
Capitol Reef NP,Capitol Reef National Park,CARE,National Park,Intermountain ,UT,2019,38.2,-111.17,1226519,1/1/2019
Capitol Reef NP,Capitol Reef National Park,CARE,National Park,Intermountain ,UT,2020,38.2,-111.17,981038,1/1/2020
Capitol Reef NP,Capitol Reef National Park,CARE,National Park,Intermountain ,UT,2021,38.2,-111.17,1405353,1/1/2021
Carlsbad Caverns NP,Carlsbad Caverns National Park,CAVE,National Park,Intermountain ,NM,2012,32.17,-104.44,381058,1/1/2012
Carlsbad Caverns NP,Carlsbad Caverns National Park,CAVE,National Park,Intermountain ,NM,2013,32.17,-104.44,388566,1/1/2013
Carlsbad Caverns NP,Carlsbad Caverns National Park,CAVE,National Park,Intermountain ,NM,2014,32.17,-104.44,397309,1/1/2014
Carlsbad Caverns NP,Carlsbad Caverns National Park,CAVE,National Park,Intermountain ,NM,2015,32.17,-104.44,445720,1/1/2015
Carlsbad Caverns NP,Carlsbad Caverns National Park,CAVE,National Park,Intermountain ,NM,2016,32.17,-104.44,466773,1/1/2016
Carlsbad Caverns NP,Carlsbad Caverns National Park,CAVE,National Park,Intermountain ,NM,2017,32.17,-104.44,520026,1/1/2017
Carlsbad Caverns NP,Carlsbad Caverns National Park,CAVE,National Park,Intermountain ,NM,2018,32.17,-104.44,465912,1/1/2018
Carlsbad Caverns NP,Carlsbad Caverns National Park,CAVE,National Park,Intermountain ,NM,2019,32.17,-104.44,440691,1/1/2019
Carlsbad Caverns NP,Carlsbad Caverns National Park,CAVE,National Park,Intermountain ,NM,2020,32.17,-104.44,183835,1/1/2020
Carlsbad Caverns NP,Carlsbad Caverns National Park,CAVE,National Park,Intermountain ,NM,2021,32.17,-104.44,349244,1/1/2021
Channel Islands NP,Channel Islands National Park,CHIS,National Park,Pacific West ,CA,2012,34.01,-119.42,249594,1/1/2012
Channel Islands NP,Channel Islands National Park,CHIS,National Park,Pacific West ,CA,2013,34.01,-119.42,212029,1/1/2013
Channel Islands NP,Channel Islands National Park,CHIS,National Park,Pacific West ,CA,2014,34.01,-119.42,342161,1/1/2014
Channel Islands NP,Channel Islands National Park,CHIS,National Park,Pacific West ,CA,2015,34.01,-119.42,324816,1/1/2015
Channel Islands NP,Channel Islands National Park,CHIS,National Park,Pacific West ,CA,2016,34.01,-119.42,364807,1/1/2016
Channel Islands NP,Channel Islands National Park,CHIS,National Park,Pacific West ,CA,2017,34.01,-119.42,383687,1/1/2017
Channel Islands NP,Channel Islands National Park,CHIS,National Park,Pacific West ,CA,2018,34.01,-119.42,366250,1/1/2018
Channel Islands NP,Channel Islands National Park,CHIS,National Park,Pacific West ,CA,2019,34.01,-119.42,409630,1/1/2019
Channel Islands NP,Channel Islands National Park,CHIS,National Park,Pacific West ,CA,2020,34.01,-119.42,167290,1/1/2020
Channel Islands NP,Channel Islands National Park,CHIS,National Park,Pacific West ,CA,2021,34.01,-119.42,319252,1/1/2021
Congaree NP,Congaree National Park,CONG,National Park,Southeast ,SC,2012,33.78,-80.78,109685,1/1/2012
Congaree NP,Congaree National Park,CONG,National Park,Southeast ,SC,2013,33.78,-80.78,120340,1/1/2013
Congaree NP,Congaree National Park,CONG,National Park,Southeast ,SC,2014,33.78,-80.78,120122,1/1/2014
Congaree NP,Congaree National Park,CONG,National Park,Southeast ,SC,2015,33.78,-80.78,87513,1/1/2015
Congaree NP,Congaree National Park,CONG,National Park,Southeast ,SC,2016,33.78,-80.78,143843,1/1/2016
Congaree NP,Congaree National Park,CONG,National Park,Southeast ,SC,2017,33.78,-80.78,159595,1/1/2017
Congaree NP,Congaree National Park,CONG,National Park,Southeast ,SC,2018,33.78,-80.78,145929,1/1/2018
Congaree NP,Congaree National Park,CONG,National Park,Southeast ,SC,2019,33.78,-80.78,159445,1/1/2019
Congaree NP,Congaree National Park,CONG,National Park,Southeast ,SC,2020,33.78,-80.78,119306,1/1/2020
Congaree NP,Congaree National Park,CONG,National Park,Southeast ,SC,2021,33.78,-80.78,215181,1/1/2021
Crater Lake NP,Crater Lake National Park,CRLA,National Park,Pacific West ,OR,2012,42.94,-122.1,447251,1/1/2012
Crater Lake NP,Crater Lake National Park,CRLA,National Park,Pacific West ,OR,2013,42.94,-122.1,523027,1/1/2013
Crater Lake NP,Crater Lake National Park,CRLA,National Park,Pacific West ,OR,2014,42.94,-122.1,535508,1/1/2014
Crater Lake NP,Crater Lake National Park,CRLA,National Park,Pacific West ,OR,2015,42.94,-122.1,614712,1/1/2015
Crater Lake NP,Crater Lake National Park,CRLA,National Park,Pacific West ,OR,2016,42.94,-122.1,756344,1/1/2016
Crater Lake NP,Crater Lake National Park,CRLA,National Park,Pacific West ,OR,2017,42.94,-122.1,711749,1/1/2017
Crater Lake NP,Crater Lake National Park,CRLA,National Park,Pacific West ,OR,2018,42.94,-122.1,720659,1/1/2018
Crater Lake NP,Crater Lake National Park,CRLA,National Park,Pacific West ,OR,2019,42.94,-122.1,704512,1/1/2019
Crater Lake NP,Crater Lake National Park,CRLA,National Park,Pacific West ,OR,2020,42.94,-122.1,670500,1/1/2020
Crater Lake NP,Crater Lake National Park,CRLA,National Park,Pacific West ,OR,2021,42.94,-122.1,647751,1/1/2021
Cuyahoga Valley NP,Cuyahoga Valley National Park,CUVA,National Park,Midwest ,OH,2012,41.24,-81.55,2299722,1/1/2012
Cuyahoga Valley NP,Cuyahoga Valley National Park,CUVA,National Park,Midwest ,OH,2013,41.24,-81.55,2103010,1/1/2013
Cuyahoga Valley NP,Cuyahoga Valley National Park,CUVA,National Park,Midwest ,OH,2014,41.24,-81.55,2189849,1/1/2014
Cuyahoga Valley NP,Cuyahoga Valley National Park,CUVA,National Park,Midwest ,OH,2015,41.24,-81.55,2284612,1/1/2015
Cuyahoga Valley NP,Cuyahoga Valley National Park,CUVA,National Park,Midwest ,OH,2016,41.24,-81.55,2423390,1/1/2016
Cuyahoga Valley NP,Cuyahoga Valley National Park,CUVA,National Park,Midwest ,OH,2017,41.24,-81.55,2226879,1/1/2017
Cuyahoga Valley NP,Cuyahoga Valley National Park,CUVA,National Park,Midwest ,OH,2018,41.24,-81.55,2096053,1/1/2018
Cuyahoga Valley NP,Cuyahoga Valley National Park,CUVA,National Park,Midwest ,OH,2019,41.24,-81.55,2237997,1/1/2019
Cuyahoga Valley NP,Cuyahoga Valley National Park,CUVA,National Park,Midwest ,OH,2020,41.24,-81.55,2755628,1/1/2020
Cuyahoga Valley NP,Cuyahoga Valley National Park,CUVA,National Park,Midwest ,OH,2021,41.24,-81.55,2575275,1/1/2021
Death Valley NP,Death Valley National Park,DEVA,National Park,Pacific West ,CA,2012,36.24,-116.82,984568,1/1/2012
Death Valley NP,Death Valley National Park,DEVA,National Park,Pacific West ,CA,2013,36.24,-116.82,951972,1/1/2013
Death Valley NP,Death Valley National Park,DEVA,National Park,Pacific West ,CA,2014,36.24,-116.82,1101312,1/1/2014
Death Valley NP,Death Valley National Park,DEVA,National Park,Pacific West ,CA,2015,36.24,-116.82,1154843,1/1/2015
Death Valley NP,Death Valley National Park,DEVA,National Park,Pacific West ,CA,2016,36.24,-116.82,1296283,1/1/2016
Death Valley NP,Death Valley National Park,DEVA,National Park,Pacific West ,CA,2017,36.24,-116.82,1294827,1/1/2017
Death Valley NP,Death Valley National Park,DEVA,National Park,Pacific West ,CA,2018,36.24,-116.82,1678660,1/1/2018
Death Valley NP,Death Valley National Park,DEVA,National Park,Pacific West ,CA,2019,36.24,-116.82,1740945,1/1/2019
Death Valley NP,Death Valley National Park,DEVA,National Park,Pacific West ,CA,2020,36.24,-116.82,820023,1/1/2020
Death Valley NP,Death Valley National Park,DEVA,National Park,Pacific West ,CA,2021,36.24,-116.82,1146551,1/1/2021
Dry Tortugas NP,Dry Tortugas National Park,DRTO,National Park,Southeast ,FL,2012,24.63,-82.87,60550,1/1/2012
Dry Tortugas NP,Dry Tortugas National Park,DRTO,National Park,Southeast ,FL,2013,24.63,-82.87,58401,1/1/2013
Dry Tortugas NP,Dry Tortugas National Park,DRTO,National Park,Southeast ,FL,2014,24.63,-82.87,64865,1/1/2014
Dry Tortugas NP,Dry Tortugas National Park,DRTO,National Park,Southeast ,FL,2015,24.63,-82.87,70862,1/1/2015
Dry Tortugas NP,Dry Tortugas National Park,DRTO,National Park,Southeast ,FL,2016,24.63,-82.87,73661,1/1/2016
Dry Tortugas NP,Dry Tortugas National Park,DRTO,National Park,Southeast ,FL,2017,24.63,-82.87,54281,1/1/2017
Dry Tortugas NP,Dry Tortugas National Park,DRTO,National Park,Southeast ,FL,2018,24.63,-82.87,56810,1/1/2018
Dry Tortugas NP,Dry Tortugas National Park,DRTO,National Park,Southeast ,FL,2019,24.63,-82.87,79200,1/1/2019
Dry Tortugas NP,Dry Tortugas National Park,DRTO,National Park,Southeast ,FL,2020,24.63,-82.87,48543,1/1/2020
Dry Tortugas NP,Dry Tortugas National Park,DRTO,National Park,Southeast ,FL,2021,24.63,-82.87,83817,1/1/2021
Everglades NP,Everglades National Park,EVER,National Park,Southeast ,FL,2012,25.32,-80.93,1141906,1/1/2012
Everglades NP,Everglades National Park,EVER,National Park,Southeast ,FL,2013,25.32,-80.93,1047116,1/1/2013
Everglades NP,Everglades National Park,EVER,National Park,Southeast ,FL,2014,25.32,-80.93,1110901,1/1/2014
Everglades NP,Everglades National Park,EVER,National Park,Southeast ,FL,2015,25.32,-80.93,1077427,1/1/2015
Everglades NP,Everglades National Park,EVER,National Park,Southeast ,FL,2016,25.32,-80.93,930907,1/1/2016
Everglades NP,Everglades National Park,EVER,National Park,Southeast ,FL,2017,25.32,-80.93,1018557,1/1/2017
Everglades NP,Everglades National Park,EVER,National Park,Southeast ,FL,2018,25.32,-80.93,597124,1/1/2018
Everglades NP,Everglades National Park,EVER,National Park,Southeast ,FL,2019,25.32,-80.93,1118300,1/1/2019
Everglades NP,Everglades National Park,EVER,National Park,Southeast ,FL,2020,25.32,-80.93,702319,1/1/2020
Everglades NP,Everglades National Park,EVER,National Park,Southeast ,FL,2021,25.32,-80.93,942130,1/1/2021
Gateway Arch NP,Gateway Arch National Park,JEFF,National Park,Midwest ,MO,2012,38.63,-90.19,2496726,1/1/2012
Gateway Arch NP,Gateway Arch National Park,JEFF,National Park,Midwest ,MO,2013,38.63,-90.19,2377258,1/1/2013
Gateway Arch NP,Gateway Arch National Park,JEFF,National Park,Midwest ,MO,2014,38.63,-90.19,1817091,1/1/2014
Gateway Arch NP,Gateway Arch National Park,JEFF,National Park,Midwest ,MO,2015,38.63,-90.19,1698656,1/1/2015
Gateway Arch NP,Gateway Arch National Park,JEFF,National Park,Midwest ,MO,2016,38.63,-90.19,1271855,1/1/2016
Gateway Arch NP,Gateway Arch National Park,JEFF,National Park,Midwest ,MO,2017,38.63,-90.19,1398188,1/1/2017
Gateway Arch NP,Gateway Arch National Park,JEFF,National Park,Midwest ,MO,2018,38.63,-90.19,2016180,1/1/2018
Gateway Arch NP,Gateway Arch National Park,JEFF,National Park,Midwest ,MO,2019,38.63,-90.19,2055309,1/1/2019
Gateway Arch NP,Gateway Arch National Park,JEFF,National Park,Midwest ,MO,2020,38.63,-90.19,486021,1/1/2020
Gateway Arch NP,Gateway Arch National Park,JEFF,National Park,Midwest ,MO,2021,38.63,-90.19,1145081,1/1/2021
Glacier NP,Glacier National Park,GLAC,National Park,Intermountain ,MT,2012,48.8,-114,2162035,1/1/2012
Glacier NP,Glacier National Park,GLAC,National Park,Intermountain ,MT,2013,48.8,-114,2190374,1/1/2013
Glacier NP,Glacier National Park,GLAC,National Park,Intermountain ,MT,2014,48.8,-114,2338528,1/1/2014
Glacier NP,Glacier National Park,GLAC,National Park,Intermountain ,MT,2015,48.8,-114,2366056,1/1/2015
Glacier NP,Glacier National Park,GLAC,National Park,Intermountain ,MT,2016,48.8,-114,2946681,1/1/2016
Glacier NP,Glacier National Park,GLAC,National Park,Intermountain ,MT,2017,48.8,-114,3305512,1/1/2017
Glacier NP,Glacier National Park,GLAC,National Park,Intermountain ,MT,2018,48.8,-114,2965309,1/1/2018
Glacier NP,Glacier National Park,GLAC,National Park,Intermountain ,MT,2019,48.8,-114,3049839,1/1/2019
Glacier NP,Glacier National Park,GLAC,National Park,Intermountain ,MT,2020,48.8,-114,1698864,1/1/2020
Glacier NP,Glacier National Park,GLAC,National Park,Intermountain ,MT,2021,48.8,-114,3081656,1/1/2021
Grand Canyon NP,Grand Canyon National Park,GRCA,National Park,Intermountain ,AZ,2012,36.06,-112.14,4421352,1/1/2012
Grand Canyon NP,Grand Canyon National Park,GRCA,National Park,Intermountain ,AZ,2013,36.06,-112.14,4564840,1/1/2013
Grand Canyon NP,Grand Canyon National Park,GRCA,National Park,Intermountain ,AZ,2014,36.06,-112.14,4756771,1/1/2014
Grand Canyon NP,Grand Canyon National Park,GRCA,National Park,Intermountain ,AZ,2015,36.06,-112.14,5520736,1/1/2015
Grand Canyon NP,Grand Canyon National Park,GRCA,National Park,Intermountain ,AZ,2016,36.06,-112.14,5969811,1/1/2016
Grand Canyon NP,Grand Canyon National Park,GRCA,National Park,Intermountain ,AZ,2017,36.06,-112.14,6254238,1/1/2017
Grand Canyon NP,Grand Canyon National Park,GRCA,National Park,Intermountain ,AZ,2018,36.06,-112.14,6380495,1/1/2018
Grand Canyon NP,Grand Canyon National Park,GRCA,National Park,Intermountain ,AZ,2019,36.06,-112.14,5974411,1/1/2019
Grand Canyon NP,Grand Canyon National Park,GRCA,National Park,Intermountain ,AZ,2020,36.06,-112.14,2897098,1/1/2020
Grand Canyon NP,Grand Canyon National Park,GRCA,National Park,Intermountain ,AZ,2021,36.06,-112.14,4532677,1/1/2021
Grand Teton NP,Grand Teton National Park,GRTE,National Park,Intermountain ,WY,2012,43.73,-110.8,2705256,1/1/2012
Grand Teton NP,Grand Teton National Park,GRTE,National Park,Intermountain ,WY,2013,43.73,-110.8,2688794,1/1/2013
Grand Teton NP,Grand Teton National Park,GRTE,National Park,Intermountain ,WY,2014,43.73,-110.8,2791392,1/1/2014
Grand Teton NP,Grand Teton National Park,GRTE,National Park,Intermountain ,WY,2015,43.73,-110.8,3149921,1/1/2015
Grand Teton NP,Grand Teton National Park,GRTE,National Park,Intermountain ,WY,2016,43.73,-110.8,3270076,1/1/2016
Grand Teton NP,Grand Teton National Park,GRTE,National Park,Intermountain ,WY,2017,43.73,-110.8,3317000,1/1/2017
Grand Teton NP,Grand Teton National Park,GRTE,National Park,Intermountain ,WY,2018,43.73,-110.8,3491151,1/1/2018
Grand Teton NP,Grand Teton National Park,GRTE,National Park,Intermountain ,WY,2019,43.73,-110.8,3405614,1/1/2019
Grand Teton NP,Grand Teton National Park,GRTE,National Park,Intermountain ,WY,2020,43.73,-110.8,3289638,1/1/2020
Grand Teton NP,Grand Teton National Park,GRTE,National Park,Intermountain ,WY,2021,43.73,-110.8,3885230,1/1/2021
Great Basin NP,Great Basin National Park,GRBA,National Park,Pacific West ,NV,2012,38.98,-114.3,94850,1/1/2012
Great Basin NP,Great Basin National Park,GRBA,National Park,Pacific West ,NV,2013,38.98,-114.3,92893,1/1/2013
Great Basin NP,Great Basin National Park,GRBA,National Park,Pacific West ,NV,2014,38.98,-114.3,107526,1/1/2014
Great Basin NP,Great Basin National Park,GRBA,National Park,Pacific West ,NV,2015,38.98,-114.3,116123,1/1/2015
Great Basin NP,Great Basin National Park,GRBA,National Park,Pacific West ,NV,2016,38.98,-114.3,144846,1/1/2016
Great Basin NP,Great Basin National Park,GRBA,National Park,Pacific West ,NV,2017,38.98,-114.3,168028,1/1/2017
Great Basin NP,Great Basin National Park,GRBA,National Park,Pacific West ,NV,2018,38.98,-114.3,153094,1/1/2018
Great Basin NP,Great Basin National Park,GRBA,National Park,Pacific West ,NV,2019,38.98,-114.3,131802,1/1/2019
Great Basin NP,Great Basin National Park,GRBA,National Park,Pacific West ,NV,2020,38.98,-114.3,120248,1/1/2020
Great Basin NP,Great Basin National Park,GRBA,National Park,Pacific West ,NV,2021,38.98,-114.3,144875,1/1/2021
Great Sand Dunes NP & PRES,Great Sand Dunes National Park,GRSA,National Park,Intermountain ,CO,2012,37.73,-105.51,1382869,1/1/2012
Great Sand Dunes NP & PRES,Great Sand Dunes National Park,GRSA,National Park,Intermountain ,CO,2013,37.73,-105.51,1314664,1/1/2013
Great Sand Dunes NP & PRES,Great Sand Dunes National Park,GRSA,National Park,Intermountain ,CO,2014,37.73,-105.51,1396573,1/1/2014
Great Sand Dunes NP & PRES,Great Sand Dunes National Park,GRSA,National Park,Intermountain ,CO,2015,37.73,-105.51,1478266,1/1/2015
Great Sand Dunes NP & PRES,Great Sand Dunes National Park,GRSA,National Park,Intermountain ,CO,2016,37.73,-105.51,1586239,1/1/2016
Great Sand Dunes NP & PRES,Great Sand Dunes National Park,GRSA,National Park,Intermountain ,CO,2017,37.73,-105.51,1655593,1/1/2017
Great Sand Dunes NP & PRES,Great Sand Dunes National Park,GRSA,National Park,Intermountain ,CO,2018,37.73,-105.51,1675532,1/1/2018
Great Sand Dunes NP & PRES,Great Sand Dunes National Park,GRSA,National Park,Intermountain ,CO,2019,37.73,-105.51,1723267,1/1/2019
Great Sand Dunes NP & PRES,Great Sand Dunes National Park,GRSA,National Park,Intermountain ,CO,2020,37.73,-105.51,1515906,1/1/2020
Great Sand Dunes NP & PRES,Great Sand Dunes National Park,GRSA,National Park,Intermountain ,CO,2021,37.73,-105.51,2285333,1/1/2021
Great Smoky Mountains NP,Great Smoky Mountains National Park,GRSM,National Park,Southeast ,TN,2012,35.68,-83.53,9685829,1/1/2012
Great Smoky Mountains NP,Great Smoky Mountains National Park,GRSM,National Park,Southeast ,TN,2013,35.68,-83.53,9354695,1/1/2013
Great Smoky Mountains NP,Great Smoky Mountains National Park,GRSM,National Park,Southeast ,TN,2014,35.68,-83.53,10099276,1/1/2014
Great Smoky Mountains NP,Great Smoky Mountains National Park,GRSM,National Park,Southeast ,TN,2015,35.68,-83.53,10712674,1/1/2015
Great Smoky Mountains NP,Great Smoky Mountains National Park,GRSM,National Park,Southeast ,TN,2016,35.68,-83.53,11312786,1/1/2016
Great Smoky Mountains NP,Great Smoky Mountains National Park,GRSM,National Park,Southeast ,TN,2017,35.68,-83.53,11338893,1/1/2017
Great Smoky Mountains NP,Great Smoky Mountains National Park,GRSM,National Park,Southeast ,TN,2018,35.68,-83.53,11421200,1/1/2018
Great Smoky Mountains NP,Great Smoky Mountains National Park,GRSM,National Park,Southeast ,TN,2019,35.68,-83.53,12547743,1/1/2019
Great Smoky Mountains NP,Great Smoky Mountains National Park,GRSM,National Park,Southeast ,TN,2020,35.68,-83.53,12095720,1/1/2020
Great Smoky Mountains NP,Great Smoky Mountains National Park,GRSM,National Park,Southeast ,TN,2021,35.68,-83.53,14161548,1/1/2021
Guadalupe Mountains NP,Guadalupe Mountains National Park,GUMO,National Park,Intermountain ,TX,2012,31.92,-104.87,159360,1/1/2012
Guadalupe Mountains NP,Guadalupe Mountains National Park,GUMO,National Park,Intermountain ,TX,2013,31.92,-104.87,145670,1/1/2013
Guadalupe Mountains NP,Guadalupe Mountains National Park,GUMO,National Park,Intermountain ,TX,2014,31.92,-104.87,166868,1/1/2014
Guadalupe Mountains NP,Guadalupe Mountains National Park,GUMO,National Park,Intermountain ,TX,2015,31.92,-104.87,169535,1/1/2015
Guadalupe Mountains NP,Guadalupe Mountains National Park,GUMO,National Park,Intermountain ,TX,2016,31.92,-104.87,181839,1/1/2016
Guadalupe Mountains NP,Guadalupe Mountains National Park,GUMO,National Park,Intermountain ,TX,2017,31.92,-104.87,225257,1/1/2017
Guadalupe Mountains NP,Guadalupe Mountains National Park,GUMO,National Park,Intermountain ,TX,2018,31.92,-104.87,172347,1/1/2018
Guadalupe Mountains NP,Guadalupe Mountains National Park,GUMO,National Park,Intermountain ,TX,2019,31.92,-104.87,188833,1/1/2019
Guadalupe Mountains NP,Guadalupe Mountains National Park,GUMO,National Park,Intermountain ,TX,2020,31.92,-104.87,151256,1/1/2020
Guadalupe Mountains NP,Guadalupe Mountains National Park,GUMO,National Park,Intermountain ,TX,2021,31.92,-104.87,243291,1/1/2021
Hot Springs NP,Hot Springs National Park,HOSP,National Park,Midwest ,AR,2012,34.51,-93.05,1302505,1/1/2012
Hot Springs NP,Hot Springs National Park,HOSP,National Park,Midwest ,AR,2013,34.51,-93.05,1325719,1/1/2013
Hot Springs NP,Hot Springs National Park,HOSP,National Park,Midwest ,AR,2014,34.51,-93.05,1424484,1/1/2014
Hot Springs NP,Hot Springs National Park,HOSP,National Park,Midwest ,AR,2015,34.51,-93.05,1418162,1/1/2015
Hot Springs NP,Hot Springs National Park,HOSP,National Park,Midwest ,AR,2016,34.51,-93.05,1544300,1/1/2016
Hot Springs NP,Hot Springs National Park,HOSP,National Park,Midwest ,AR,2017,34.51,-93.05,1561616,1/1/2017
Hot Springs NP,Hot Springs National Park,HOSP,National Park,Midwest ,AR,2018,34.51,-93.05,1506887,1/1/2018
Hot Springs NP,Hot Springs National Park,HOSP,National Park,Midwest ,AR,2019,34.51,-93.05,1467153,1/1/2019
Hot Springs NP,Hot Springs National Park,HOSP,National Park,Midwest ,AR,2020,34.51,-93.05,1348215,1/1/2020
Hot Springs NP,Hot Springs National Park,HOSP,National Park,Midwest ,AR,2021,34.51,-93.05,2162884,1/1/2021
Indiana Dunes NP,Indiana Dunes National Park,INDU,National Park,Midwest ,IN,2012,41.6533,-87.0524,1889381,1/1/2012
Indiana Dunes NP,Indiana Dunes National Park,INDU,National Park,Midwest ,IN,2013,41.6533,-87.0524,1681695,1/1/2013
Indiana Dunes NP,Indiana Dunes National Park,INDU,National Park,Midwest ,IN,2014,41.6533,-87.0524,1553372,1/1/2014
Indiana Dunes NP,Indiana Dunes National Park,INDU,National Park,Midwest ,IN,2015,41.6533,-87.0524,1640195,1/1/2015
Indiana Dunes NP,Indiana Dunes National Park,INDU,National Park,Midwest ,IN,2016,41.6533,-87.0524,1698223,1/1/2016
Indiana Dunes NP,Indiana Dunes National Park,INDU,National Park,Midwest ,IN,2017,41.6533,-87.0524,2158471,1/1/2017
Indiana Dunes NP,Indiana Dunes National Park,INDU,National Park,Midwest ,IN,2018,41.6533,-87.0524,1756079,1/1/2018
Indiana Dunes NP,Indiana Dunes National Park,INDU,National Park,Midwest ,IN,2019,41.6533,-87.0524,2134285,1/1/2019
Indiana Dunes NP,Indiana Dunes National Park,INDU,National Park,Midwest ,IN,2020,41.6533,-87.0524,2293106,1/1/2020
Indiana Dunes NP,Indiana Dunes National Park,INDU,National Park,Midwest ,IN,2021,41.6533,-87.0524,3177210,1/1/2021
Isle Royale NP,Isle Royale National Park,ISRO,National Park,Midwest ,MI,2012,48.1,-88.55,16663,1/1/2012
Isle Royale NP,Isle Royale National Park,ISRO,National Park,Midwest ,MI,2013,48.1,-88.55,16274,1/1/2013
Isle Royale NP,Isle Royale National Park,ISRO,National Park,Midwest ,MI,2014,48.1,-88.55,14560,1/1/2014
Isle Royale NP,Isle Royale National Park,ISRO,National Park,Midwest ,MI,2015,48.1,-88.55,18684,1/1/2015
Isle Royale NP,Isle Royale National Park,ISRO,National Park,Midwest ,MI,2016,48.1,-88.55,24966,1/1/2016
Isle Royale NP,Isle Royale National Park,ISRO,National Park,Midwest ,MI,2017,48.1,-88.55,28196,1/1/2017
Isle Royale NP,Isle Royale National Park,ISRO,National Park,Midwest ,MI,2018,48.1,-88.55,25798,1/1/2018
Isle Royale NP,Isle Royale National Park,ISRO,National Park,Midwest ,MI,2019,48.1,-88.55,26410,1/1/2019
Isle Royale NP,Isle Royale National Park,ISRO,National Park,Midwest ,MI,2020,48.1,-88.55,6493,1/1/2020
Isle Royale NP,Isle Royale National Park,ISRO,National Park,Midwest ,MI,2021,48.1,-88.55,25844,1/1/2021
Joshua Tree NP,Joshua Tree National Park,JOTR,National Park,Pacific West ,CA,2012,33.79,-115.9,1396117,1/1/2012
Joshua Tree NP,Joshua Tree National Park,JOTR,National Park,Pacific West ,CA,2013,33.79,-115.9,1383340,1/1/2013
Joshua Tree NP,Joshua Tree National Park,JOTR,National Park,Pacific West ,CA,2014,33.79,-115.9,1589904,1/1/2014
Joshua Tree NP,Joshua Tree National Park,JOTR,National Park,Pacific West ,CA,2015,33.79,-115.9,2025756,1/1/2015
Joshua Tree NP,Joshua Tree National Park,JOTR,National Park,Pacific West ,CA,2016,33.79,-115.9,2505286,1/1/2016
Joshua Tree NP,Joshua Tree National Park,JOTR,National Park,Pacific West ,CA,2017,33.79,-115.9,2853619,1/1/2017
Joshua Tree NP,Joshua Tree National Park,JOTR,National Park,Pacific West ,CA,2018,33.79,-115.9,2942382,1/1/2018
Joshua Tree NP,Joshua Tree National Park,JOTR,National Park,Pacific West ,CA,2019,33.79,-115.9,2988547,1/1/2019
Joshua Tree NP,Joshua Tree National Park,JOTR,National Park,Pacific West ,CA,2020,33.79,-115.9,2399542,1/1/2020
Joshua Tree NP,Joshua Tree National Park,JOTR,National Park,Pacific West ,CA,2021,33.79,-115.9,3064400,1/1/2021
Kings Canyon NP,Kings Canyon National Park,KICA,National Park,Pacific West ,CA,2012,36.8,-118.55,591033,1/1/2012
Kings Canyon NP,Kings Canyon National Park,KICA,National Park,Pacific West ,CA,2013,36.8,-118.55,567544,1/1/2013
Kings Canyon NP,Kings Canyon National Park,KICA,National Park,Pacific West ,CA,2014,36.8,-118.55,502268,1/1/2014
Kings Canyon NP,Kings Canyon National Park,KICA,National Park,Pacific West ,CA,2015,36.8,-118.55,468106,1/1/2015
Kings Canyon NP,Kings Canyon National Park,KICA,National Park,Pacific West ,CA,2016,36.8,-118.55,607479,1/1/2016
Kings Canyon NP,Kings Canyon National Park,KICA,National Park,Pacific West ,CA,2017,36.8,-118.55,692932,1/1/2017
Kings Canyon NP,Kings Canyon National Park,KICA,National Park,Pacific West ,CA,2018,36.8,-118.55,699023,1/1/2018
Kings Canyon NP,Kings Canyon National Park,KICA,National Park,Pacific West ,CA,2019,36.8,-118.55,632110,1/1/2019
Kings Canyon NP,Kings Canyon National Park,KICA,National Park,Pacific West ,CA,2020,36.8,-118.55,415077,1/1/2020
Kings Canyon NP,Kings Canyon National Park,KICA,National Park,Pacific West ,CA,2021,36.8,-118.55,562918,1/1/2021
Lassen Volcanic NP,Lassen Volcanic National Park,LAVO,National Park,Pacific West ,CA,2012,40.49,-121.51,407653,1/1/2012
Lassen Volcanic NP,Lassen Volcanic National Park,LAVO,National Park,Pacific West ,CA,2013,40.49,-121.51,427409,1/1/2013
Lassen Volcanic NP,Lassen Volcanic National Park,LAVO,National Park,Pacific West ,CA,2014,40.49,-121.51,432977,1/1/2014
Lassen Volcanic NP,Lassen Volcanic National Park,LAVO,National Park,Pacific West ,CA,2015,40.49,-121.51,468092,1/1/2015
Lassen Volcanic NP,Lassen Volcanic National Park,LAVO,National Park,Pacific West ,CA,2016,40.49,-121.51,536068,1/1/2016
Lassen Volcanic NP,Lassen Volcanic National Park,LAVO,National Park,Pacific West ,CA,2017,40.49,-121.51,507256,1/1/2017
Lassen Volcanic NP,Lassen Volcanic National Park,LAVO,National Park,Pacific West ,CA,2018,40.49,-121.51,499435,1/1/2018
Lassen Volcanic NP,Lassen Volcanic National Park,LAVO,National Park,Pacific West ,CA,2019,40.49,-121.51,517039,1/1/2019
Lassen Volcanic NP,Lassen Volcanic National Park,LAVO,National Park,Pacific West ,CA,2020,40.49,-121.51,542274,1/1/2020
Lassen Volcanic NP,Lassen Volcanic National Park,LAVO,National Park,Pacific West ,CA,2021,40.49,-121.51,359635,1/1/2021
Mammoth Cave NP,Mammoth Cave National Park,MACA,National Park,Southeast ,KY,2012,37.18,-86.1,508054,1/1/2012
Mammoth Cave NP,Mammoth Cave National Park,MACA,National Park,Southeast ,KY,2013,37.18,-86.1,494541,1/1/2013
Mammoth Cave NP,Mammoth Cave National Park,MACA,National Park,Southeast ,KY,2014,37.18,-86.1,522628,1/1/2014
Mammoth Cave NP,Mammoth Cave National Park,MACA,National Park,Southeast ,KY,2015,37.18,-86.1,566895,1/1/2015
Mammoth Cave NP,Mammoth Cave National Park,MACA,National Park,Southeast ,KY,2016,37.18,-86.1,586514,1/1/2016
Mammoth Cave NP,Mammoth Cave National Park,MACA,National Park,Southeast ,KY,2017,37.18,-86.1,587853,1/1/2017
Mammoth Cave NP,Mammoth Cave National Park,MACA,National Park,Southeast ,KY,2018,37.18,-86.1,533206,1/1/2018
Mammoth Cave NP,Mammoth Cave National Park,MACA,National Park,Southeast ,KY,2019,37.18,-86.1,551590,1/1/2019
Mammoth Cave NP,Mammoth Cave National Park,MACA,National Park,Southeast ,KY,2020,37.18,-86.1,290392,1/1/2020
Mammoth Cave NP,Mammoth Cave National Park,MACA,National Park,Southeast ,KY,2021,37.18,-86.1,515774,1/1/2021
Mesa Verde NP,Mesa Verde National Park,MEVE,National Park,Intermountain ,CO,2012,37.18,-108.49,488860,1/1/2012
Mesa Verde NP,Mesa Verde National Park,MEVE,National Park,Intermountain ,CO,2013,37.18,-108.49,460237,1/1/2013
Mesa Verde NP,Mesa Verde National Park,MEVE,National Park,Intermountain ,CO,2014,37.18,-108.49,501563,1/1/2014
Mesa Verde NP,Mesa Verde National Park,MEVE,National Park,Intermountain ,CO,2015,37.18,-108.49,547325,1/1/2015
Mesa Verde NP,Mesa Verde National Park,MEVE,National Park,Intermountain ,CO,2016,37.18,-108.49,583527,1/1/2016
Mesa Verde NP,Mesa Verde National Park,MEVE,National Park,Intermountain ,CO,2017,37.18,-108.49,613788,1/1/2017
Mesa Verde NP,Mesa Verde National Park,MEVE,National Park,Intermountain ,CO,2018,37.18,-108.49,563420,1/1/2018
Mesa Verde NP,Mesa Verde National Park,MEVE,National Park,Intermountain ,CO,2019,37.18,-108.49,556203,1/1/2019
Mesa Verde NP,Mesa Verde National Park,MEVE,National Park,Intermountain ,CO,2020,37.18,-108.49,287477,1/1/2020
Mesa Verde NP,Mesa Verde National Park,MEVE,National Park,Intermountain ,CO,2021,37.18,-108.49,548477,1/1/2021
Mount Rainier NP,Mount Rainier National Park,MORA,National Park,Pacific West ,WA,2012,46.85,-121.75,1049178,1/1/2012
Mount Rainier NP,Mount Rainier National Park,MORA,National Park,Pacific West ,WA,2013,46.85,-121.75,1148552,1/1/2013
Mount Rainier NP,Mount Rainier National Park,MORA,National Park,Pacific West ,WA,2014,46.85,-121.75,1264259,1/1/2014
Mount Rainier NP,Mount Rainier National Park,MORA,National Park,Pacific West ,WA,2015,46.85,-121.75,1237231,1/1/2015
Mount Rainier NP,Mount Rainier National Park,MORA,National Park,Pacific West ,WA,2016,46.85,-121.75,1356913,1/1/2016
Mount Rainier NP,Mount Rainier National Park,MORA,National Park,Pacific West ,WA,2017,46.85,-121.75,1415867,1/1/2017
Mount Rainier NP,Mount Rainier National Park,MORA,National Park,Pacific West ,WA,2018,46.85,-121.75,1518491,1/1/2018
Mount Rainier NP,Mount Rainier National Park,MORA,National Park,Pacific West ,WA,2019,46.85,-121.75,1501621,1/1/2019
Mount Rainier NP,Mount Rainier National Park,MORA,National Park,Pacific West ,WA,2020,46.85,-121.75,1160754,1/1/2020
Mount Rainier NP,Mount Rainier National Park,MORA,National Park,Pacific West ,WA,2021,46.85,-121.75,1670063,1/1/2021
New River Gorge NP & PRES,Great Sand Dunes National Park,NERI,National Park,Northeast ,WV,2012,37.9,-81.04,1382869,1/1/2012
New River Gorge NP & PRES,Great Sand Dunes National Park,NERI,National Park,Northeast ,WV,2013,37.9,-81.04,1314664,1/1/2013
New River Gorge NP & PRES,Great Sand Dunes National Park,NERI,National Park,Northeast ,WV,2014,37.9,-81.04,1396573,1/1/2014
New River Gorge NP & PRES,Great Sand Dunes National Park,NERI,National Park,Northeast ,WV,2015,37.9,-81.04,1478266,1/1/2015
New River Gorge NP & PRES,Great Sand Dunes National Park,NERI,National Park,Northeast ,WV,2016,37.9,-81.04,1586239,1/1/2016
New River Gorge NP & PRES,Great Sand Dunes National Park,NERI,National Park,Northeast ,WV,2017,37.9,-81.04,1655593,1/1/2017
New River Gorge NP & PRES,Great Sand Dunes National Park,NERI,National Park,Northeast ,WV,2018,37.9,-81.04,1675532,1/1/2018
New River Gorge NP & PRES,Great Sand Dunes National Park,NERI,National Park,Northeast ,WV,2019,37.9,-81.04,1723267,1/1/2019
New River Gorge NP & PRES,Great Sand Dunes National Park,NERI,National Park,Northeast ,WV,2020,37.9,-81.04,1515906,1/1/2020
New River Gorge NP & PRES,Great Sand Dunes National Park,NERI,National Park,Northeast ,WV,2021,37.9,-81.04,2285333,1/1/2021
North Cascades NP,North Cascades National Park,NOCA,National Park,Pacific West ,WA,2012,48.7,-121.2,26935,1/1/2012
North Cascades NP,North Cascades National Park,NOCA,National Park,Pacific West ,WA,2013,48.7,-121.2,21623,1/1/2013
North Cascades NP,North Cascades National Park,NOCA,National Park,Pacific West ,WA,2014,48.7,-121.2,23865,1/1/2014
North Cascades NP,North Cascades National Park,NOCA,National Park,Pacific West ,WA,2015,48.7,-121.2,20677,1/1/2015
North Cascades NP,North Cascades National Park,NOCA,National Park,Pacific West ,WA,2016,48.7,-121.2,28646,1/1/2016
North Cascades NP,North Cascades National Park,NOCA,National Park,Pacific West ,WA,2017,48.7,-121.2,30326,1/1/2017
North Cascades NP,North Cascades National Park,NOCA,National Park,Pacific West ,WA,2018,48.7,-121.2,30085,1/1/2018
North Cascades NP,North Cascades National Park,NOCA,National Park,Pacific West ,WA,2019,48.7,-121.2,38208,1/1/2019
North Cascades NP,North Cascades National Park,NOCA,National Park,Pacific West ,WA,2020,48.7,-121.2,30885,1/1/2020
North Cascades NP,North Cascades National Park,NOCA,National Park,Pacific West ,WA,2021,48.7,-121.2,17855,1/1/2021
Olympic NP,Olympic National Park,OLYM,National Park,Pacific West ,WA,2012,47.97,-123.5,2824908,1/1/2012
Olympic NP,Olympic National Park,OLYM,National Park,Pacific West ,WA,2013,47.97,-123.5,3085340,1/1/2013
Olympic NP,Olympic National Park,OLYM,National Park,Pacific West ,WA,2014,47.97,-123.5,3243872,1/1/2014
Olympic NP,Olympic National Park,OLYM,National Park,Pacific West ,WA,2015,47.97,-123.5,3263761,1/1/2015
Olympic NP,Olympic National Park,OLYM,National Park,Pacific West ,WA,2016,47.97,-123.5,3390221,1/1/2016
Olympic NP,Olympic National Park,OLYM,National Park,Pacific West ,WA,2017,47.97,-123.5,3401996,1/1/2017
Olympic NP,Olympic National Park,OLYM,National Park,Pacific West ,WA,2018,47.97,-123.5,3104455,1/1/2018
Olympic NP,Olympic National Park,OLYM,National Park,Pacific West ,WA,2019,47.97,-123.5,3245806,1/1/2019
Olympic NP,Olympic National Park,OLYM,National Park,Pacific West ,WA,2020,47.97,-123.5,2499177,1/1/2020
Olympic NP,Olympic National Park,OLYM,National Park,Pacific West ,WA,2021,47.97,-123.5,2718925,1/1/2021
Petrified Forest NP,Petrified Forest National Park,PEFO,National Park,Intermountain ,AZ,2012,35.07,-109.78,664857,1/1/2012
Petrified Forest NP,Petrified Forest National Park,PEFO,National Park,Intermountain ,AZ,2013,35.07,-109.78,644648,1/1/2013
Petrified Forest NP,Petrified Forest National Park,PEFO,National Park,Intermountain ,AZ,2014,35.07,-109.78,836799,1/1/2014
Petrified Forest NP,Petrified Forest National Park,PEFO,National Park,Intermountain ,AZ,2015,35.07,-109.78,793225,1/1/2015
Petrified Forest NP,Petrified Forest National Park,PEFO,National Park,Intermountain ,AZ,2016,35.07,-109.78,643274,1/1/2016
Petrified Forest NP,Petrified Forest National Park,PEFO,National Park,Intermountain ,AZ,2017,35.07,-109.78,627757,1/1/2017
Petrified Forest NP,Petrified Forest National Park,PEFO,National Park,Intermountain ,AZ,2018,35.07,-109.78,644922,1/1/2018
Petrified Forest NP,Petrified Forest National Park,PEFO,National Park,Intermountain ,AZ,2019,35.07,-109.78,643588,1/1/2019
Petrified Forest NP,Petrified Forest National Park,PEFO,National Park,Intermountain ,AZ,2020,35.07,-109.78,384483,1/1/2020
Petrified Forest NP,Petrified Forest National Park,PEFO,National Park,Intermountain ,AZ,2021,35.07,-109.78,590334,1/1/2021
Pinnacles NP,Pinnacles National Park,PINN,National Park,Pacific West ,CA,2012,36.48,-121.16,224476,1/1/2012
Pinnacles NP,Pinnacles National Park,PINN,National Park,Pacific West ,CA,2013,36.48,-121.16,237677,1/1/2013
Pinnacles NP,Pinnacles National Park,PINN,National Park,Pacific West ,CA,2014,36.48,-121.16,196635,1/1/2014
Pinnacles NP,Pinnacles National Park,PINN,National Park,Pacific West ,CA,2015,36.48,-121.16,206533,1/1/2015
Pinnacles NP,Pinnacles National Park,PINN,National Park,Pacific West ,CA,2016,36.48,-121.16,215555,1/1/2016
Pinnacles NP,Pinnacles National Park,PINN,National Park,Pacific West ,CA,2017,36.48,-121.16,233334,1/1/2017
Pinnacles NP,Pinnacles National Park,PINN,National Park,Pacific West ,CA,2018,36.48,-121.16,222152,1/1/2018
Pinnacles NP,Pinnacles National Park,PINN,National Park,Pacific West ,CA,2019,36.48,-121.16,177224,1/1/2019
Pinnacles NP,Pinnacles National Park,PINN,National Park,Pacific West ,CA,2020,36.48,-121.16,165740,1/1/2020
Pinnacles NP,Pinnacles National Park,PINN,National Park,Pacific West ,CA,2021,36.48,-121.16,348857,1/1/2021
Redwood NP,Redwood National Park,REDW,National Park,Pacific West ,CA,2012,41.3,-124,352517,1/1/2012
Redwood NP,Redwood National Park,REDW,National Park,Pacific West ,CA,2013,41.3,-124,393364,1/1/2013
Redwood NP,Redwood National Park,REDW,National Park,Pacific West ,CA,2014,41.3,-124,429166,1/1/2014
Redwood NP,Redwood National Park,REDW,National Park,Pacific West ,CA,2015,41.3,-124,527143,1/1/2015
Redwood NP,Redwood National Park,REDW,National Park,Pacific West ,CA,2016,41.3,-124,536297,1/1/2016
Redwood NP,Redwood National Park,REDW,National Park,Pacific West ,CA,2017,41.3,-124,445000,1/1/2017
Redwood NP,Redwood National Park,REDW,National Park,Pacific West ,CA,2018,41.3,-124,482536,1/1/2018
Redwood NP,Redwood National Park,REDW,National Park,Pacific West ,CA,2019,41.3,-124,504722,1/1/2019
Redwood NP,Redwood National Park,REDW,National Park,Pacific West ,CA,2020,41.3,-124,265177,1/1/2020
Redwood NP,Redwood National Park,REDW,National Park,Pacific West ,CA,2021,41.3,-124,435879,1/1/2021
Rocky Mountain NP,Rocky Mountain National Park,ROMO,National Park,Intermountain ,CO,2012,40.4,-105.58,3229617,1/1/2012
Rocky Mountain NP,Rocky Mountain National Park,ROMO,National Park,Intermountain ,CO,2013,40.4,-105.58,2991141,1/1/2013
Rocky Mountain NP,Rocky Mountain National Park,ROMO,National Park,Intermountain ,CO,2014,40.4,-105.58,3434751,1/1/2014
Rocky Mountain NP,Rocky Mountain National Park,ROMO,National Park,Intermountain ,CO,2015,40.4,-105.58,4155916,1/1/2015
Rocky Mountain NP,Rocky Mountain National Park,ROMO,National Park,Intermountain ,CO,2016,40.4,-105.58,4517585,1/1/2016
Rocky Mountain NP,Rocky Mountain National Park,ROMO,National Park,Intermountain ,CO,2017,40.4,-105.58,4437215,1/1/2017
Rocky Mountain NP,Rocky Mountain National Park,ROMO,National Park,Intermountain ,CO,2018,40.4,-105.58,4590493,1/1/2018
Rocky Mountain NP,Rocky Mountain National Park,ROMO,National Park,Intermountain ,CO,2019,40.4,-105.58,4670053,1/1/2019
Rocky Mountain NP,Rocky Mountain National Park,ROMO,National Park,Intermountain ,CO,2020,40.4,-105.58,3305199,1/1/2020
Rocky Mountain NP,Rocky Mountain National Park,ROMO,National Park,Intermountain ,CO,2021,40.4,-105.58,4434848,1/1/2021
Saguaro NP,Saguaro National Park,SAGU,National Park,Intermountain ,AZ,2012,32.25,-110.5,634286,1/1/2012
Saguaro NP,Saguaro National Park,SAGU,National Park,Intermountain ,AZ,2013,32.25,-110.5,678261,1/1/2013
Saguaro NP,Saguaro National Park,SAGU,National Park,Intermountain ,AZ,2014,32.25,-110.5,673572,1/1/2014
Saguaro NP,Saguaro National Park,SAGU,National Park,Intermountain ,AZ,2015,32.25,-110.5,753446,1/1/2015
Saguaro NP,Saguaro National Park,SAGU,National Park,Intermountain ,AZ,2016,32.25,-110.5,820426,1/1/2016
Saguaro NP,Saguaro National Park,SAGU,National Park,Intermountain ,AZ,2017,32.25,-110.5,964760,1/1/2017
Saguaro NP,Saguaro National Park,SAGU,National Park,Intermountain ,AZ,2018,32.25,-110.5,957405,1/1/2018
Saguaro NP,Saguaro National Park,SAGU,National Park,Intermountain ,AZ,2019,32.25,-110.5,1020226,1/1/2019
Saguaro NP,Saguaro National Park,SAGU,National Park,Intermountain ,AZ,2020,32.25,-110.5,762226,1/1/2020
Saguaro NP,Saguaro National Park,SAGU,National Park,Intermountain ,AZ,2021,32.25,-110.5,1079786,1/1/2021
Sequoia NP,Sequoia National Park,SEQU,National Park,Pacific West ,CA,2012,36.43,-118.68,1106584,1/1/2012
Sequoia NP,Sequoia National Park,SEQU,National Park,Pacific West ,CA,2013,36.43,-118.68,909274,1/1/2013
Sequoia NP,Sequoia National Park,SEQU,National Park,Pacific West ,CA,2014,36.43,-118.68,1039137,1/1/2014
Sequoia NP,Sequoia National Park,SEQU,National Park,Pacific West ,CA,2015,36.43,-118.68,1097464,1/1/2015
Sequoia NP,Sequoia National Park,SEQU,National Park,Pacific West ,CA,2016,36.43,-118.68,1254688,1/1/2016
Sequoia NP,Sequoia National Park,SEQU,National Park,Pacific West ,CA,2017,36.43,-118.68,1291256,1/1/2017
Sequoia NP,Sequoia National Park,SEQU,National Park,Pacific West ,CA,2018,36.43,-118.68,1229594,1/1/2018
Sequoia NP,Sequoia National Park,SEQU,National Park,Pacific West ,CA,2019,36.43,-118.68,1246053,1/1/2019
Sequoia NP,Sequoia National Park,SEQU,National Park,Pacific West ,CA,2020,36.43,-118.68,796086,1/1/2020
Sequoia NP,Sequoia National Park,SEQU,National Park,Pacific West ,CA,2021,36.43,-118.68,1059548,1/1/2021
Shenandoah NP,Shenandoah National Park,SHEN,National Park,Northeast ,VA,2012,38.53,-78.35,1210200,1/1/2012
Shenandoah NP,Shenandoah National Park,SHEN,National Park,Northeast ,VA,2013,38.53,-78.35,1136505,1/1/2013
Shenandoah NP,Shenandoah National Park,SHEN,National Park,Northeast ,VA,2014,38.53,-78.35,1255321,1/1/2014
Shenandoah NP,Shenandoah National Park,SHEN,National Park,Northeast ,VA,2015,38.53,-78.35,1321873,1/1/2015
Shenandoah NP,Shenandoah National Park,SHEN,National Park,Northeast ,VA,2016,38.53,-78.35,1437341,1/1/2016
Shenandoah NP,Shenandoah National Park,SHEN,National Park,Northeast ,VA,2017,38.53,-78.35,1458874,1/1/2017
Shenandoah NP,Shenandoah National Park,SHEN,National Park,Northeast ,VA,2018,38.53,-78.35,1264880,1/1/2018
Shenandoah NP,Shenandoah National Park,SHEN,National Park,Northeast ,VA,2019,38.53,-78.35,1425507,1/1/2019
Shenandoah NP,Shenandoah National Park,SHEN,National Park,Northeast ,VA,2020,38.53,-78.35,1666265,1/1/2020
Shenandoah NP,Shenandoah National Park,SHEN,National Park,Northeast ,VA,2021,38.53,-78.35,1592312,1/1/2021
Theodore Roosevelt NP,Theodore Roosevelt National Park,THRO,National Park,Midwest ,ND,2012,46.97,-103.45,640555,1/1/2012
Theodore Roosevelt NP,Theodore Roosevelt National Park,THRO,National Park,Midwest ,ND,2013,46.97,-103.45,545090,1/1/2013
Theodore Roosevelt NP,Theodore Roosevelt National Park,THRO,National Park,Midwest ,ND,2014,46.97,-103.45,559580,1/1/2014
Theodore Roosevelt NP,Theodore Roosevelt National Park,THRO,National Park,Midwest ,ND,2015,46.97,-103.45,580033,1/1/2015
Theodore Roosevelt NP,Theodore Roosevelt National Park,THRO,National Park,Midwest ,ND,2016,46.97,-103.45,753880,1/1/2016
Theodore Roosevelt NP,Theodore Roosevelt National Park,THRO,National Park,Midwest ,ND,2017,46.97,-103.45,708003,1/1/2017
Theodore Roosevelt NP,Theodore Roosevelt National Park,THRO,National Park,Midwest ,ND,2018,46.97,-103.45,749389,1/1/2018
Theodore Roosevelt NP,Theodore Roosevelt National Park,THRO,National Park,Midwest ,ND,2019,46.97,-103.45,691658,1/1/2019
Theodore Roosevelt NP,Theodore Roosevelt National Park,THRO,National Park,Midwest ,ND,2020,46.97,-103.45,551303,1/1/2020
Theodore Roosevelt NP,Theodore Roosevelt National Park,THRO,National Park,Midwest ,ND,2021,46.97,-103.45,796085,1/1/2021
Voyageurs NP,Voyageurs National Park,VOYA,National Park,Midwest ,MN,2012,48.5,-92.88,214841,1/1/2012
Voyageurs NP,Voyageurs National Park,VOYA,National Park,Midwest ,MN,2013,48.5,-92.88,233390,1/1/2013
Voyageurs NP,Voyageurs National Park,VOYA,National Park,Midwest ,MN,2014,48.5,-92.88,239160,1/1/2014
Voyageurs NP,Voyageurs National Park,VOYA,National Park,Midwest ,MN,2015,48.5,-92.88,238313,1/1/2015
Voyageurs NP,Voyageurs National Park,VOYA,National Park,Midwest ,MN,2016,48.5,-92.88,241912,1/1/2016
Voyageurs NP,Voyageurs National Park,VOYA,National Park,Midwest ,MN,2017,48.5,-92.88,237250,1/1/2017
Voyageurs NP,Voyageurs National Park,VOYA,National Park,Midwest ,MN,2018,48.5,-92.88,239656,1/1/2018
Voyageurs NP,Voyageurs National Park,VOYA,National Park,Midwest ,MN,2019,48.5,-92.88,232974,1/1/2019
Voyageurs NP,Voyageurs National Park,VOYA,National Park,Midwest ,MN,2020,48.5,-92.88,263091,1/1/2020
Voyageurs NP,Voyageurs National Park,VOYA,National Park,Midwest ,MN,2021,48.5,-92.88,243042,1/1/2021
White Sands NP,White Sands National Park,WHSA,National Park,Intermountain ,NM,2012,32.77,-106.17,447385,1/1/2012
White Sands NP,White Sands National Park,WHSA,National Park,Intermountain ,NM,2013,32.77,-106.17,490544,1/1/2013
White Sands NP,White Sands National Park,WHSA,National Park,Intermountain ,NM,2014,32.77,-106.17,503660,1/1/2014
White Sands NP,White Sands National Park,WHSA,National Park,Intermountain ,NM,2015,32.77,-106.17,497506,1/1/2015
White Sands NP,White Sands National Park,WHSA,National Park,Intermountain ,NM,2016,32.77,-106.17,555793,1/1/2016
White Sands NP,White Sands National Park,WHSA,National Park,Intermountain ,NM,2017,32.77,-106.17,612468,1/1/2017
White Sands NP,White Sands National Park,WHSA,National Park,Intermountain ,NM,2018,32.77,-106.17,603008,1/1/2018
White Sands NP,White Sands National Park,WHSA,National Park,Intermountain ,NM,2019,32.77,-106.17,608785,1/1/2019
White Sands NP,White Sands National Park,WHSA,National Park,Intermountain ,NM,2020,32.77,-106.17,415383,1/1/2020
White Sands NP,White Sands National Park,WHSA,National Park,Intermountain ,NM,2021,32.77,-106.17,782469,1/1/2021
Wind Cave NP,Wind Cave National Park,WICA,National Park,Midwest ,SD,2012,43.57,-103.48,529083,1/1/2012
Wind Cave NP,Wind Cave National Park,WICA,National Park,Midwest ,SD,2013,43.57,-103.48,516142,1/1/2013
Wind Cave NP,Wind Cave National Park,WICA,National Park,Midwest ,SD,2014,43.57,-103.48,547022,1/1/2014
Wind Cave NP,Wind Cave National Park,WICA,National Park,Midwest ,SD,2015,43.57,-103.48,612198,1/1/2015
Wind Cave NP,Wind Cave National Park,WICA,National Park,Midwest ,SD,2016,43.57,-103.48,617377,1/1/2016
Wind Cave NP,Wind Cave National Park,WICA,National Park,Midwest ,SD,2017,43.57,-103.48,619924,1/1/2017
Wind Cave NP,Wind Cave National Park,WICA,National Park,Midwest ,SD,2018,43.57,-103.48,656397,1/1/2018
Wind Cave NP,Wind Cave National Park,WICA,National Park,Midwest ,SD,2019,43.57,-103.48,615350,1/1/2019
Wind Cave NP,Wind Cave National Park,WICA,National Park,Midwest ,SD,2020,43.57,-103.48,448405,1/1/2020
Wind Cave NP,Wind Cave National Park,WICA,National Park,Midwest ,SD,2021,43.57,-103.48,709001,1/1/2021
Yellowstone NP,Yellowstone National Park,YELL,National Park,Intermountain ,WY,2012,44.6,-110.5,3447729,1/1/2012
Yellowstone NP,Yellowstone National Park,YELL,National Park,Intermountain ,WY,2013,44.6,-110.5,3188030,1/1/2013
Yellowstone NP,Yellowstone National Park,YELL,National Park,Intermountain ,WY,2014,44.6,-110.5,3513484,1/1/2014
Yellowstone NP,Yellowstone National Park,YELL,National Park,Intermountain ,WY,2015,44.6,-110.5,4097710,1/1/2015
Yellowstone NP,Yellowstone National Park,YELL,National Park,Intermountain ,WY,2016,44.6,-110.5,4257177,1/1/2016
Yellowstone NP,Yellowstone National Park,YELL,National Park,Intermountain ,WY,2017,44.6,-110.5,4116524,1/1/2017
Yellowstone NP,Yellowstone National Park,YELL,National Park,Intermountain ,WY,2018,44.6,-110.5,4115000,1/1/2018
Yellowstone NP,Yellowstone National Park,YELL,National Park,Intermountain ,WY,2019,44.6,-110.5,4020288,1/1/2019
Yellowstone NP,Yellowstone National Park,YELL,National Park,Intermountain ,WY,2020,44.6,-110.5,3806306,1/1/2020
Yellowstone NP,Yellowstone National Park,YELL,National Park,Intermountain ,WY,2021,44.6,-110.5,4860242,1/1/2021
Yosemite NP,Yosemite National Park,YOSE,National Park,Pacific West ,CA,2012,37.83,-119.5,3853404,1/1/2012
Yosemite NP,Yosemite National Park,YOSE,National Park,Pacific West ,CA,2013,37.83,-119.5,3691191,1/1/2013
Yosemite NP,Yosemite National Park,YOSE,National Park,Pacific West ,CA,2014,37.83,-119.5,3882642,1/1/2014
Yosemite NP,Yosemite National Park,YOSE,National Park,Pacific West ,CA,2015,37.83,-119.5,4150217,1/1/2015
Yosemite NP,Yosemite National Park,YOSE,National Park,Pacific West ,CA,2016,37.83,-119.5,5028868,1/1/2016
Yosemite NP,Yosemite National Park,YOSE,National Park,Pacific West ,CA,2017,37.83,-119.5,4336890,1/1/2017
Yosemite NP,Yosemite National Park,YOSE,National Park,Pacific West ,CA,2018,37.83,-119.5,4009436,1/1/2018
Yosemite NP,Yosemite National Park,YOSE,National Park,Pacific West ,CA,2019,37.83,-119.5,4422861,1/1/2019
Yosemite NP,Yosemite National Park,YOSE,National Park,Pacific West ,CA,2020,37.83,-119.5,2268313,1/1/2020
Yosemite NP,Yosemite National Park,YOSE,National Park,Pacific West ,CA,2021,37.83,-119.5,3287595,1/1/2021
Zion NP,Zion National Park,ZION,National Park,Intermountain ,UT,2012,37.3,-113.05,2973607,1/1/2012
Zion NP,Zion National Park,ZION,National Park,Intermountain ,UT,2013,37.3,-113.05,2807387,1/1/2013
Zion NP,Zion National Park,ZION,National Park,Intermountain ,UT,2014,37.3,-113.05,3189696,1/1/2014
Zion NP,Zion National Park,ZION,National Park,Intermountain ,UT,2015,37.3,-113.05,3648846,1/1/2015
Zion NP,Zion National Park,ZION,National Park,Intermountain ,UT,2016,37.3,-113.05,4295127,1/1/2016
Zion NP,Zion National Park,ZION,National Park,Intermountain ,UT,2017,37.3,-113.05,4504812,1/1/2017
Zion NP,Zion National Park,ZION,National Park,Intermountain ,UT,2018,37.3,-113.05,4320033,1/1/2018
Zion NP,Zion National Park,ZION,National Park,Intermountain ,UT,2019,37.3,-113.05,4488268,1/1/2019
Zion NP,Zion National Park,ZION,National Park,Intermountain ,UT,2020,37.3,-113.05,3591254,1/1/2020
Zion NP,Zion National Park,ZION,National Park,Intermountain ,UT,2021,37.3,-113.05,5039835,1/1/2021